#{"env_id": "BreakoutNoFrameskip-v4", "gym_version": "0.9.4", "t_start": 1512546349.5041351}
r,l,t
1.0,157,5.113498
3.0,252,7.379953
0.0,127,8.472314
