#{"env_id": "BreakoutNoFrameskip-v4", "gym_version": "0.9.4", "t_start": 1512546349.3156812}
r,l,t
0.0,129,5.030197
1.0,173,6.535815
2.0,224,8.554796
