#{"env_id": "BreakoutNoFrameskip-v4", "gym_version": "0.9.4", "t_start": 1512546349.3670948}
r,l,t
2.0,202,5.668832
0.0,127,6.759335
0.0,127,7.806353
