#{"env_id": "BreakoutNoFrameskip-v4", "gym_version": "0.9.4", "t_start": 1512546349.555838}
r,l,t
2.0,219,5.644437
1.0,155,6.979507
1.0,158,8.374286
