#{"env_id": "BreakoutNoFrameskip-v4", "gym_version": "0.9.4", "t_start": 1512546349.0760844}
r,l,t
3.0,250,6.418336
0.0,127,7.497659
0.0,125,8.532301
