#{"env_id": "BreakoutNoFrameskip-v4", "gym_version": "0.9.4", "t_start": 1512546349.4905016}
r,l,t
0.0,127,4.831002
3.0,248,7.057924
0.0,125,8.093621
