#{"env_id": "BreakoutNoFrameskip-v4", "gym_version": "0.9.4", "t_start": 1512546349.4357839}
r,l,t
0.0,127,4.885721
0.0,129,5.981838
3.0,252,8.25837
