#{"env_id": "BreakoutNoFrameskip-v4", "gym_version": "0.9.4", "t_start": 1512546349.4508584}
r,l,t
0.0,125,4.849153
2.0,200,6.613343
2.0,201,8.42217
