#{"env_id": "BreakoutNoFrameskip-v4", "gym_version": "0.9.4", "t_start": 1512546349.4776127}
r,l,t
0.0,129,4.871753
3.0,250,7.121358
0.0,127,8.19535
0.0,127,9.240077
